SitePlot,Site,Plot,Location,Common,Taxa,MaxN
M0873,M08,73,M,Yellowtail,Snapper,5
M0874,M08,74,M,Lane,Snapper,2
M0874,M08,74,M,Yellowtail,Snapper,12
M0875,M08,75,M,Yellowtail,Snapper,10
M0876,M08,76,M,Yellowtail,Snapper,14
M1005,M10,05,M,Mutton,Snapper,9
M1005,M10,05,M,Yellowtail,Snapper,5
M1006,M10,06,M,Yellowtail,Snapper,2
M1007,M10,07,M,Yellowtail,Snapper,3
M1203,M12,03,M,Lane,Snapper,3
M1203,M12,03,M,Mutton,Snapper,1
M1203,M12,03,M,Schoolmaster,Snapper,1
M1203,M12,03,M,Yellowtail,Snapper,7
M1242,M12,42,M,Schoolmaster,Snapper,5
M1242,M12,42,M,Yellowtail,Snapper,5
M1260,M12,60,M,Lane,Snapper,1
M1260,M12,60,M,Mutton,Snapper,1
M1260,M12,60,M,Schoolmaster,Snapper,1
M1260,M12,60,M,Yellowtail,Snapper,3
M1292,M12,92,M,Lane,Snapper,1
M1292,M12,92,M,Mahogany,Snapper,1
M1292,M12,92,M,Mutton,Snapper,2
M1292,M12,92,M,Schoolmaster,Snapper,1
M1292,M12,92,M,Yellowtail,Snapper,2
M1506,M15,06,M,Lane,Snapper,1
M1506,M15,06,M,Yellowtail,Snapper,2
M1508,M15,08,M,Yellowtail,Snapper,6
M1509,M15,09,M,Yellowtail,Snapper,5
M1762,M17,62,M,Yellowtail,Snapper,5
M1764,M17,64,M,Schoolmaster,Snapper,1
M1764,M17,64,M,Yellowtail,Snapper,16
M1765,M17,65,M,Yellowtail,Snapper,3
M2870,M28,70,M,Yellowtail,Snapper,15
M3837,M38,37,M,Yellowtail,Snapper,4
M3839,M38,39,M,Schoolmaster,Snapper,1
M3839,M38,39,M,Yellowtail,Snapper,4
M3840,M38,40,M,Schoolmaster,Snapper,1
M3840,M38,40,M,Yellowtail,Snapper,1
M4338,M43,38,M,Mutton,Snapper,1
M4338,M43,38,M,Schoolmaster,Snapper,1
M4338,M43,38,M,Yellowtail,Snapper,1
M4378,M43,78,M,Mutton,Snapper,1
M4378,M43,78,M,Schoolmaster,Snapper,6
M4378,M43,78,M,Yellowtail,Snapper,3
M4380,M43,80,M,Yellowtail,Snapper,1
M4381,M43,81,M,Yellowtail,Snapper,1
M4502,M45,02,M,Yellowtail,Snapper,8
M4503,M45,03,M,Yellowtail,Snapper,7
M4504,M45,04,M,Yellowtail,Snapper,6
M4896,M48,96,M,Lane,Snapper,1
M4896,M48,96,M,Mutton,Snapper,1
M4896,M48,96,M,Yellowtail,Snapper,4
M7309,M73,09,M,Mutton,Snapper,1
M7309,M73,09,M,Schoolmaster,Snapper,5
M7309,M73,09,M,Yellowtail,Snapper,9
M7421,M74,21,M,Yellowtail,Snapper,2
M7422,M74,22,M,Yellowtail,Snapper,7
T0158,T01,58,T,Schoolmaster,Snapper,1
T0158,T01,58,T,Yellowtail,Snapper,10
T0160,T01,60,T,Yellowtail,Snapper,5
T0168,T01,68,T,Yellowtail,Snapper,7
T0473,T04,73,T,Schoolmaster,Snapper,1
T0473,T04,73,T,Yellowtail,Snapper,10
T0476,T04,76,T,Schoolmaster,Snapper,4
T0476,T04,76,T,Yellowtail,Snapper,1
T2069,T20,69,T,Yellowtail,Snapper,6
T2070,T20,70,T,Mutton,Snapper,1
T2070,T20,70,T,Schoolmaster,Snapper,2
T2070,T20,70,T,Yellowtail,Snapper,5
T2072,T20,72,T,Schoolmaster,Snapper,1
T2072,T20,72,T,Yellowtail,Snapper,6
T2209,T22,09,T,Schoolmaster,Snapper,1
T2209,T22,09,T,Yellowtail,Snapper,4
T2210,T22,10,T,Lane,Snapper,1
T2210,T22,10,T,Schoolmaster,Snapper,1
T2210,T22,10,T,Yellowtail,Snapper,3
T2211,T22,11,T,Yellowtail,Snapper,6
T2212,T22,12,T,Schoolmaster,Snapper,1
T2212,T22,12,T,Yellowtail,Snapper,5
T2361,T23,61,T,Yellowtail,Snapper,7
T2369,T23,69,T,Yellowtail,Snapper,7
T2374,T23,74,T,Yellowtail,Snapper,2
T2378,T23,78,T,Yellowtail,Snapper,4
T2463,T24,63,T,Mutton,Snapper,2
T2463,T24,63,T,Schoolmaster,Snapper,2
T2463,T24,63,T,Yellowtail,Snapper,1
T2464,T24,64,T,Mahogany,Snapper,1
T2464,T24,64,T,Schoolmaster,Snapper,1
T2464,T24,64,T,Yellowtail,Snapper,9
T2477,T24,77,T,Lane,Snapper,1
T2477,T24,77,T,Mahogany,Snapper,1
T2477,T24,77,T,Schoolmaster,Snapper,1
T2477,T24,77,T,Yellowtail,Snapper,11
T2479,T24,79,T,Lane,Snapper,2
T2479,T24,79,T,Schoolmaster,Snapper,2
T2479,T24,79,T,Yellowtail,Snapper,4
T2646,T26,46,T,Lane,Snapper,1
T2646,T26,46,T,Mutton,Snapper,1
T2646,T26,46,T,Schoolmaster,Snapper,1
T2646,T26,46,T,Yellowtail,Snapper,5
T2647,T26,47,T,Lane,Snapper,1
T2647,T26,47,T,Yellowtail,Snapper,3
T2648,T26,48,T,Mutton,Snapper,1
T2648,T26,48,T,Yellowtail,Snapper,9
T3521,T35,21,T,Yellowtail,Snapper,2
T3540,T35,40,T,Yellowtail,Snapper,2
T3713,T37,13,T,Yellowtail,Snapper,9
T3715,T37,15,T,Schoolmaster,Snapper,1
T3715,T37,15,T,Yellowtail,Snapper,15
T3716,T37,16,T,Schoolmaster,Snapper,1
T3716,T37,16,T,Yellowtail,Snapper,14
T3967,T39,67,T,Lane,Snapper,1
T3967,T39,67,T,Mahogany,Snapper,1
T3967,T39,67,T,Schoolmaster,Snapper,2
T3967,T39,67,T,Yellowtail,Snapper,10
T3971,T39,71,T,Mahogany,Snapper,1
T3971,T39,71,T,Mutton,Snapper,1
T3971,T39,71,T,Schoolmaster,Snapper,1
T3971,T39,71,T,Yellowtail,Snapper,8
T3976,T39,76,T,Mahogany,Snapper,7
T3976,T39,76,T,Schoolmaster,Snapper,2
T3976,T39,76,T,Yellowtail,Snapper,15
T4301,T43,01,T,Mutton,Snapper,3
T4301,T43,01,T,Schoolmaster,Snapper,8
T4301,T43,01,T,Yellowtail,Snapper,4
T4302,T43,02,T,Schoolmaster,Snapper,1
T4302,T43,02,T,Yellowtail,Snapper,7
T4303,T43,03,T,Schoolmaster,Snapper,1
T4303,T43,03,T,Yellowtail,Snapper,15
T4304,T43,04,T,Schoolmaster,Snapper,2
T4304,T43,04,T,Yellowtail,Snapper,12
T4512,T45,12,T,Schoolmaster,Snapper,3
T4512,T45,12,T,Yellowtail,Snapper,12
T4533,T45,33,T,Mutton,Snapper,3
T4533,T45,33,T,Schoolmaster,Snapper,5
T4533,T45,33,T,Yellowtail,Snapper,13
T4572,T45,72,T,Yellowtail,Snapper,14
T4590,T45,90,T,Schoolmaster,Snapper,1
T4590,T45,90,T,Yellowtail,Snapper,30
